crop_id,foto,cx,cy,radio,clase,defecto,notas
IMG_1369_HEIC_enhanced_blueberry_001,IMG_1369_HEIC_enhanced,1431.614624,2126.814941,380,bueno,ninguno,
IMG_1370_HEIC_enhanced_blueberry_001,IMG_1370_HEIC_enhanced,1511.543701,2325.833496,559,bueno,ninguno,
IMG_1371_HEIC_enhanced_blueberry_001,IMG_1371_HEIC_enhanced,1926.520752,1459.995483,544,bueno,ninguno,
IMG_1372_HEIC_enhanced_blueberry_001,IMG_1372_HEIC_enhanced,1906.348877,1678.385986,442,malo,golpe,"Zona hundida o aplastada, a veces más oscura"
IMG_1373_HEIC_enhanced_blueberry_001,IMG_1373_HEIC_enhanced,1968.939941,1538.994873,482,bueno,ninguno,
IMG_1374_HEIC_enhanced_blueberry_001,IMG_1374_HEIC_enhanced,1675,1529,457,bueno,ninguno,
IMG_1375_HEIC_enhanced_blueberry_001,IMG_1375_HEIC_enhanced,1043.335449,1382.808838,445,bueno,ninguno,
IMG_1375_HEIC_enhanced_blueberry_002,IMG_1375_HEIC_enhanced,3025.5,1715,481,malo,golpe,"Zona hundida o aplastada, a veces más oscura"
IMG_1376_HEIC_enhanced_blueberry_001,IMG_1376_HEIC_enhanced,620,992,347,bueno,ninguno,
IMG_1376_HEIC_enhanced_blueberry_002,IMG_1376_HEIC_enhanced,2677.019531,847.5,306,bueno,ninguno,
IMG_1376_HEIC_enhanced_blueberry_003,IMG_1376_HEIC_enhanced,3422.056885,1474.079224,362,malo,deshidratado,Piel arrugada
IMG_1376_HEIC_enhanced_blueberry_004,IMG_1376_HEIC_enhanced,1208.881104,1864.578491,434,bueno,ninguno,
IMG_1377_HEIC_enhanced_blueberry_001,IMG_1377_HEIC_enhanced,1523.351074,843.2028809,314,bueno,ninguno,
IMG_1377_HEIC_enhanced_blueberry_002,IMG_1377_HEIC_enhanced,2482.5,868,314,bueno ,ninguno,
IMG_1377_HEIC_enhanced_blueberry_003,IMG_1377_HEIC_enhanced,962.5450439,1806.502075,412,bueno,ninguno,
IMG_1377_HEIC_enhanced_blueberry_004,IMG_1377_HEIC_enhanced,2779.658203,1834.427124,411,malo,golpe,"Zona hundida o aplastada, a veces más oscura"
IMG_1378_HEIC_enhanced_blueberry_001,IMG_1378_HEIC_enhanced,1738.5,1234,492,malo,flor_seca,Restos secos de la flor pegados al fruto
IMG_1379_HEIC_enhanced_blueberry_001,IMG_1379_HEIC_enhanced,2640.975098,2862.513184,52,,,
IMG_1380_HEIC_enhanced_blueberry_001,IMG_1380_HEIC_enhanced,1831.13208,1117.608154,338,bueno,ninguno,
IMG_1380_HEIC_enhanced_blueberry_002,IMG_1380_HEIC_enhanced,2775.89502,1038.032349,282,bueno,ninguno,
IMG_1380_HEIC_enhanced_blueberry_003,IMG_1380_HEIC_enhanced,845.3803711,1651.513062,428,bueno,ninguno,
IMG_1380_HEIC_enhanced_blueberry_004,IMG_1380_HEIC_enhanced,3411.752197,1610.537354,412,bueno,ninguno,
IMG_1390_HEIC_enhanced_blueberry_001,IMG_1390_HEIC_enhanced,1923.936035,1353.884155,465,malo,golpe,"Zona hundida o aplastada, a veces más oscura"
IMG_1391_HEIC_enhanced_blueberry_001,IMG_1391_HEIC_enhanced,1922.922607,1354.57251,466,malo,golpe,"Zona hundida o aplastada, a veces más oscura"
IMG_1392_HEIC_enhanced_blueberry_001,IMG_1392_HEIC_enhanced,1771.815308,1852.105591,584,bueno,ninguno,
IMG_1393_HEIC_enhanced_blueberry_001,IMG_1393_HEIC_enhanced,1921.710938,1864.53064,487,bueno,ninguno,
IMG_1397_HEIC_enhanced_blueberry_001,IMG_1397_HEIC_enhanced,937.3338623,1292.11853,395,malo,coloracion_anormal,Zonas rojizas o moradas en la piel
IMG_1397_HEIC_enhanced_blueberry_002,IMG_1397_HEIC_enhanced,2250.486084,1366.280151,428,malo,flor_seca,Restos secos de la flor pegados al fruto
IMG_1397_HEIC_enhanced_blueberry_003,IMG_1397_HEIC_enhanced,3238.454346,1220.143677,441,bueno,ninguno,
IMG_1398_HEIC_enhanced_blueberry_001,IMG_1398_HEIC_enhanced,2454.5,901.5,84,,,
IMG_1398_HEIC_enhanced_blueberry_002,IMG_1398_HEIC_enhanced,855.5,1181,395,malo,descompuesto,"Zonas blandas, húmedas, con moho o muy oscuras"
IMG_1398_HEIC_enhanced_blueberry_003,IMG_1398_HEIC_enhanced,2133.975586,1089.750244,482,malo,coloracion_anormal,Zonas rojizas o moradas en la piel
IMG_1398_HEIC_enhanced_blueberry_004,IMG_1398_HEIC_enhanced,3466.720703,1305.224609,421,malo,cicatriz,Marca o raspadura clara sobre la piel
IMG_1401_HEIC_enhanced_blueberry_001,IMG_1401_HEIC_enhanced,1189.786377,1155.453003,435,malo,coloracion_anormal,"Zonas blandas, húmedas, con moho o muy oscuras"
IMG_1401_HEIC_enhanced_blueberry_002,IMG_1401_HEIC_enhanced,2298.309814,1211.574097,404,malo,cicatriz,Marca o raspadura clara sobre la piel
IMG_1401_HEIC_enhanced_blueberry_003,IMG_1401_HEIC_enhanced,3487.971191,1242.932129,370,bueno,ninguno,
IMG_1403_HEIC_enhanced_blueberry_001,IMG_1403_HEIC_enhanced,810.201355,1152.874146,439,bueno,ninguno,
IMG_1403_HEIC_enhanced_blueberry_002,IMG_1403_HEIC_enhanced,1989.5,1323,393,malo,cicatriz,Marca o raspadura clara sobre la piel
IMG_1403_HEIC_enhanced_blueberry_003,IMG_1403_HEIC_enhanced,3263.5,1357,400,bueno,ninguno,
IMG_1404_HEIC_enhanced_blueberry_001,IMG_1404_HEIC_enhanced,953.8905029,1515.215942,462,malo,flor_seca,Restos secos de la flor pegados al fruto
IMG_1404_HEIC_enhanced_blueberry_002,IMG_1404_HEIC_enhanced,3343.905762,1574.283203,528,bueno,ninguno,
IMG_1404_HEIC_enhanced_blueberry_003,IMG_1404_HEIC_enhanced,1949.000977,1711.093506,483,bueno,ninguno,
IMG_1405_HEIC_enhanced_blueberry_001,IMG_1405_HEIC_enhanced,953.1883545,1515.451904,462,malo,flor_seca,Restos secos de la flor pegados al fruto
IMG_1405_HEIC_enhanced_blueberry_002,IMG_1405_HEIC_enhanced,3345.304199,1573.977661,528,bueno,ninguno,
IMG_1405_HEIC_enhanced_blueberry_003,IMG_1405_HEIC_enhanced,1948.722412,1712.867065,483,bueno,ninguno,
IMG_1406_HEIC_enhanced_blueberry_001,IMG_1406_HEIC_enhanced,2344,1181,76,,,
IMG_1406_HEIC_enhanced_blueberry_002,IMG_1406_HEIC_enhanced,690,1522,512,malo,golpe,"Zona hundida o aplastada, a veces más oscura"
IMG_1406_HEIC_enhanced_blueberry_003,IMG_1406_HEIC_enhanced,2033.088867,1491.972046,466,bueno,ninguno,
IMG_1406_HEIC_enhanced_blueberry_004,IMG_1406_HEIC_enhanced,3370.5,1608.5,570,bueno,ninguno,
IMG_1407_HEIC_enhanced_blueberry_001,IMG_1407_HEIC_enhanced,796.5356445,1497.058228,440,malo ,flor_seca,Restos secos de la flor pegados al fruto
IMG_1407_HEIC_enhanced_blueberry_002,IMG_1407_HEIC_enhanced,2045,1551.5,467,bueno,ninguno,
IMG_1407_HEIC_enhanced_blueberry_003,IMG_1407_HEIC_enhanced,3340.873535,1654.720703,513,malo,coloracion_anormal,Zonas rojizas o moradas en la piel
IMG_1408_HEIC_enhanced_blueberry_001,IMG_1408_HEIC_enhanced,2389,1338,51,bueno,ninguno,
IMG_1408_HEIC_enhanced_blueberry_002,IMG_1408_HEIC_enhanced,920.5,1477.5,466,bueno,ninguno,
IMG_1408_HEIC_enhanced_blueberry_003,IMG_1408_HEIC_enhanced,2066.521729,1563.057129,455,bueno,ninguno,
IMG_1408_HEIC_enhanced_blueberry_004,IMG_1408_HEIC_enhanced,3297.787109,1693.449341,457,malo,descompuesto,"Zonas blandas, húmedas, con moho o muy oscuras"
IMG_1409_HEIC_enhanced_blueberry_001,IMG_1409_HEIC_enhanced,886.5,1476,487,bueno,ninguno,
IMG_1409_HEIC_enhanced_blueberry_002,IMG_1409_HEIC_enhanced,2106.871582,1599.695435,457,bueno,ninguno,
IMG_1409_HEIC_enhanced_blueberry_003,IMG_1409_HEIC_enhanced,3314.02002,1727.919556,491,malo,golpe,"Zona hundida o aplastada, a veces más oscura"
IMG_1410_HEIC_enhanced_blueberry_001,IMG_1410_HEIC_enhanced,717.8052979,1635.658569,506,malo,deshidratado,Piel arrugada
IMG_1410_HEIC_enhanced_blueberry_002,IMG_1410_HEIC_enhanced,2090.721191,1616.645264,454,bueno,ninguno,
IMG_1410_HEIC_enhanced_blueberry_003,IMG_1410_HEIC_enhanced,3348.385254,1655.398071,478,bueno,ninguno,
IMG_1411_HEIC_enhanced_blueberry_001,IMG_1411_HEIC_enhanced,881.2706909,1509.858398,470,malo,flor_seca,Restos secos de la flor pegados al fruto
IMG_1411_HEIC_enhanced_blueberry_002,IMG_1411_HEIC_enhanced,2083.824951,1491.104248,469,malo,flor_seca,Restos secos de la flor pegados al fruto
IMG_1411_HEIC_enhanced_blueberry_003,IMG_1411_HEIC_enhanced,3192.457031,1624.909424,441,bueno,ninguno,
IMG_1412_HEIC_enhanced_blueberry_001,IMG_1412_HEIC_enhanced,2935.5,1246,81,,,
IMG_1412_HEIC_enhanced_blueberry_002,IMG_1412_HEIC_enhanced,862.1140747,1543.729248,455,malo,flor_seca,Restos secos de la flor pegados al fruto
IMG_1412_HEIC_enhanced_blueberry_003,IMG_1412_HEIC_enhanced,2072.503418,1529.032593,453,malo,flor_seca,Restos secos de la flor pegados al fruto
IMG_1412_HEIC_enhanced_blueberry_004,IMG_1412_HEIC_enhanced,3191.861572,1584.502075,497,bueno,ninguno,
IMG_1413_HEIC_enhanced_blueberry_001,IMG_1413_HEIC_enhanced,1864.933716,1296.788208,454,bueno,ninguno,
IMG_1413_HEIC_enhanced_blueberry_002,IMG_1413_HEIC_enhanced,3100.696777,1380.609009,471,bueno,ninguno,
IMG_1413_HEIC_enhanced_blueberry_003,IMG_1413_HEIC_enhanced,780,1484.5,462,malo,deshidratado,Piel arrugada
IMG_1414_HEIC_enhanced_blueberry_001,IMG_1414_HEIC_enhanced,818.6416626,1333.869751,427,malo,flor_seca,Restos secos de la flor pegados al fruto
IMG_1414_HEIC_enhanced_blueberry_002,IMG_1414_HEIC_enhanced,3209.020264,1366.854858,466,bueno,ninguno,
IMG_1414_HEIC_enhanced_blueberry_003,IMG_1414_HEIC_enhanced,1762.261108,1405.238403,447,bueno,ninguno,
IMG_1416_HEIC_enhanced_blueberry_001,IMG_1416_HEIC_enhanced,688.734375,1531.124023,394,bueno,ninguno,
IMG_1416_HEIC_enhanced_blueberry_002,IMG_1416_HEIC_enhanced,2909.122314,1566.55835,433,malo,cicatriz,Marca o raspadura clara sobre la piel
IMG_1416_HEIC_enhanced_blueberry_003,IMG_1416_HEIC_enhanced,1768,1632.5,384,malo,deshidratado,Piel arrugada
IMG_1417_HEIC_enhanced_blueberry_001,IMG_1417_HEIC_enhanced,883.758667,1368.573853,368,bueno,ninguno,
IMG_1417_HEIC_enhanced_blueberry_002,IMG_1417_HEIC_enhanced,1726.088867,1365.298462,398,bueno,ninguno,
IMG_1417_HEIC_enhanced_blueberry_003,IMG_1417_HEIC_enhanced,3018.374756,1404.505737,341,malo,deshidratado,Piel arrugada
IMG_1418_HEIC_enhanced_blueberry_001,IMG_1418_HEIC_enhanced,3728,1059,80,,,
IMG_1418_HEIC_enhanced_blueberry_002,IMG_1418_HEIC_enhanced,2043.186279,1398.765381,607,malo,coloracion_anormal,Zonas rojizas o moradas en la piel
IMG_1418_HEIC_enhanced_blueberry_003,IMG_1418_HEIC_enhanced,3373,1359,527,bueno,ninguno,
IMG_1418_HEIC_enhanced_blueberry_004,IMG_1418_HEIC_enhanced,688.9649048,1522.364136,597,malo,flor_seca,Restos secos de la flor pegados al fruto
IMG_1419_HEIC_enhanced_blueberry_001,IMG_1419_HEIC_enhanced,3380.5,1176.5,494,bueno,ninguno,
IMG_1419_HEIC_enhanced_blueberry_002,IMG_1419_HEIC_enhanced,695.9782104,1292.429199,510,bueno,ninguno,
IMG_1419_HEIC_enhanced_blueberry_003,IMG_1419_HEIC_enhanced,2015.095215,1283.5625,571,malo,deshidratado,Piel arrugada
IMG_1420_HEIC_enhanced_blueberry_001,IMG_1420_HEIC_enhanced,3315.288086,1313.776367,525,bueno,ninguno,
IMG_1420_HEIC_enhanced_blueberry_002,IMG_1420_HEIC_enhanced,807.02771,1412.466309,532,bueno,ninguno,
IMG_1420_HEIC_enhanced_blueberry_003,IMG_1420_HEIC_enhanced,2035.950073,1412.62146,595,malo,deshidratado,Piel arrugada
IMG_1421_HEIC_enhanced_blueberry_001,IMG_1421_HEIC_enhanced,856.442749,1316.935425,455,bueno,ninguno,
IMG_1421_HEIC_enhanced_blueberry_002,IMG_1421_HEIC_enhanced,3276.595703,1375.728638,374,malo,coloracion_anormal,Zonas rojizas o moradas en la piel
IMG_1421_HEIC_enhanced_blueberry_003,IMG_1421_HEIC_enhanced,2053.884033,1491.203979,402,malo,coloracion_anormal,Zonas rojizas o moradas en la piel
IMG_1422_HEIC_enhanced_blueberry_001,IMG_1422_HEIC_enhanced,1243.471436,1351.948242,308,bueno,ninguno,
IMG_1422_HEIC_enhanced_blueberry_002,IMG_1422_HEIC_enhanced,2047.860352,1490.612305,284,malo,coloracion_anormal,Zonas rojizas o moradas en la piel
IMG_1422_HEIC_enhanced_blueberry_003,IMG_1422_HEIC_enhanced,2928.22876,1434.353271,262,malo,coloracion_anormal,Zonas rojizas o moradas en la piel
IMG_1423_HEIC_enhanced_blueberry_001,IMG_1423_HEIC_enhanced,1059.678467,1520.115479,342,malo,flor_seca,Restos secos de la flor pegados al fruto
IMG_1423_HEIC_enhanced_blueberry_002,IMG_1423_HEIC_enhanced,2183.404053,1492.72229,338,bueno,ninguno,
IMG_1423_HEIC_enhanced_blueberry_003,IMG_1423_HEIC_enhanced,3188,1579.5,382,malo,flor_seca,Restos secos de la flor pegados al fruto
IMG_1424_HEIC_enhanced_blueberry_001,IMG_1424_HEIC_enhanced,1014.604004,1446.264771,340,malo,flor_seca,Restos secos de la flor pegados al fruto
IMG_1424_HEIC_enhanced_blueberry_002,IMG_1424_HEIC_enhanced,2101.119873,1504.126465,337,bueno,ninguno,
IMG_1424_HEIC_enhanced_blueberry_003,IMG_1424_HEIC_enhanced,3309.279297,1603.796875,401,malo,flor_seca,Restos secos de la flor pegados al fruto
IMG_1425_HEIC_enhanced_blueberry_001,IMG_1425_HEIC_enhanced,950.0838623,1185.858643,286,malo,deshidratado,Piel arrugada
IMG_1425_HEIC_enhanced_blueberry_002,IMG_1425_HEIC_enhanced,3066.383789,1062.463867,288,bueno,ninguno,
IMG_1425_HEIC_enhanced_blueberry_003,IMG_1425_HEIC_enhanced,1955.185791,1226.291626,294,,,
IMG_1426_HEIC_enhanced_blueberry_001,IMG_1426_HEIC_enhanced,1979.671997,1176.848022,291,bueno,ninguno,
IMG_1426_HEIC_enhanced_blueberry_002,IMG_1426_HEIC_enhanced,2926.461182,1119.665771,305,bueno,ninguno,
IMG_1426_HEIC_enhanced_blueberry_003,IMG_1426_HEIC_enhanced,1125.494629,1244.663452,307,malo,flor_seca,Restos secos de la flor pegados al fruto
IMG_1427_HEIC_enhanced_blueberry_001,IMG_1427_HEIC_enhanced,3159.431396,1744.839722,500,malo,cicatriz,Marca o raspadura clara sobre la piel
IMG_1427_HEIC_enhanced_blueberry_002,IMG_1427_HEIC_enhanced,865,1809,381,bueno,ninguno,
IMG_1427_HEIC_enhanced_blueberry_003,IMG_1427_HEIC_enhanced,2025.980347,1818.492554,433,bueno,ninguno,
IMG_1428_HEIC_enhanced_blueberry_001,IMG_1428_HEIC_enhanced,3292.967773,1748.802612,507,malo,cicatriz,Marca o raspadura clara sobre la piel
IMG_1428_HEIC_enhanced_blueberry_002,IMG_1428_HEIC_enhanced,651.5,1953,425,malo,golpe,"Zona hundida o aplastada, a veces más oscura"
IMG_1428_HEIC_enhanced_blueberry_003,IMG_1428_HEIC_enhanced,1755.914917,1854.842041,451,malo,cicatriz,Marca o raspadura clara sobre la piel
IMG_1429_HEIC_enhanced_blueberry_001,IMG_1429_HEIC_enhanced,3131,1677.5,498,bueno,ninguno,
IMG_1429_HEIC_enhanced_blueberry_002,IMG_1429_HEIC_enhanced,685.1228027,1880.324463,399,bueno,ninguno,
IMG_1429_HEIC_enhanced_blueberry_003,IMG_1429_HEIC_enhanced,1736.116211,1804.340088,428,malo,cicatriz,Marca o raspadura clara sobre la piel
IMG_1429_HEIC_enhanced_blueberry_004,IMG_1429_HEIC_enhanced,2729.5,1891,76,,,
IMG_1430_HEIC_enhanced_blueberry_001,IMG_1430_HEIC_enhanced,795,1730.5,374,malo,cicatriz,Marca o raspadura clara sobre la piel
IMG_1430_HEIC_enhanced_blueberry_002,IMG_1430_HEIC_enhanced,1987.327759,1652.619019,397,bueno,ninguno,
IMG_1430_HEIC_enhanced_blueberry_003,IMG_1430_HEIC_enhanced,3099,1638,463,malo,cicatriz,Marca o raspadura clara sobre la piel
IMG_1431_HEIC_enhanced_blueberry_001,IMG_1431_HEIC_enhanced,792.5,1722,376,malo,cicatriz,Marca o raspadura clara sobre la piel
IMG_1431_HEIC_enhanced_blueberry_002,IMG_1431_HEIC_enhanced,1987.64502,1652.436157,397,bueno,ninguno,
IMG_1431_HEIC_enhanced_blueberry_003,IMG_1431_HEIC_enhanced,3099.744141,1635.47583,462,malo,cicatriz,Marca o raspadura clara sobre la piel
IMG_1432_HEIC_enhanced_blueberry_001,IMG_1432_HEIC_enhanced,895.3555908,1644.153687,346,malo,coloracion_anormal,Zonas rojizas o moradas en la piel
IMG_1432_HEIC_enhanced_blueberry_002,IMG_1432_HEIC_enhanced,1832.490234,1737.207153,362,bueno,ninguno,
IMG_1432_HEIC_enhanced_blueberry_003,IMG_1432_HEIC_enhanced,3036.737549,1720.825317,465,malo,coloracion_anormal,Zonas rojizas o moradas en la piel
IMG_1433_HEIC_enhanced_blueberry_001,IMG_1433_HEIC_enhanced,843.3301392,1664.693359,358,malo,coloracion_anormal,Zonas rojizas o moradas en la piel
IMG_1433_HEIC_enhanced_blueberry_002,IMG_1433_HEIC_enhanced,1739.837769,1718.52771,369,bueno,ninguno,
IMG_1433_HEIC_enhanced_blueberry_003,IMG_1433_HEIC_enhanced,2967.802979,1613.320435,468,malo,coloracion_anormal,Zonas rojizas o moradas en la piel
IMG_1434_HEIC_enhanced_blueberry_001,IMG_1434_HEIC_enhanced,883.8019409,1582.947021,345,malo,deshidratado,Piel arrugada
IMG_1434_HEIC_enhanced_blueberry_002,IMG_1434_HEIC_enhanced,1995.132935,1557.150146,352,bueno,ninguno,
IMG_1434_HEIC_enhanced_blueberry_003,IMG_1434_HEIC_enhanced,3109.5,1701.5,492,malo,cicatriz,Marca o raspadura clara sobre la piel
IMG_1435_HEIC_enhanced_blueberry_001,IMG_1435_HEIC_enhanced,1032.69458,1580.931641,352,malo,deshidratado,Piel arrugada
IMG_1435_HEIC_enhanced_blueberry_002,IMG_1435_HEIC_enhanced,2041,1698.5,381,bueno,ninguno,
IMG_1435_HEIC_enhanced_blueberry_003,IMG_1435_HEIC_enhanced,3051.429932,1612.531128,441,malo,cicatriz,Marca o raspadura clara sobre la piel
IMG_1436_HEIC_enhanced_blueberry_001,IMG_1436_HEIC_enhanced,1905.5,1707.5,371,malo,cicatriz,Marca o raspadura clara sobre la piel
IMG_1436_HEIC_enhanced_blueberry_002,IMG_1436_HEIC_enhanced,3019.704102,1750.695435,445,malo,flor_seca,Restos secos de la flor pegados al fruto
IMG_1436_HEIC_enhanced_blueberry_003,IMG_1436_HEIC_enhanced,753.1022339,1903.27063,412,bueno,ninguno,
IMG_1437_HEIC_enhanced_blueberry_001,IMG_1437_HEIC_enhanced,754.7611694,1715.39856,380,bueno,ninguno,
IMG_1437_HEIC_enhanced_blueberry_002,IMG_1437_HEIC_enhanced,1889.071777,1624.268311,352,malo,cicatriz,Marca o raspadura clara sobre la piel
IMG_1437_HEIC_enhanced_blueberry_003,IMG_1437_HEIC_enhanced,3011.295166,1644.295044,419,malo,flor_seca,Restos secos de la flor pegados al fruto
IMG_1438_HEIC_enhanced_blueberry_001,IMG_1438_HEIC_enhanced,3227.375977,1513.627197,54,,,
IMG_1438_HEIC_enhanced_blueberry_002,IMG_1438_HEIC_enhanced,839.0014648,1794.706787,390,bueno,ninguno,
IMG_1438_HEIC_enhanced_blueberry_003,IMG_1438_HEIC_enhanced,2933.68335,1793.911255,465,malo,golpe,"Zona hundida o aplastada, a veces más oscura"
IMG_1438_HEIC_enhanced_blueberry_004,IMG_1438_HEIC_enhanced,1778.057495,1820.5,380,bueno,ninguno,
IMG_1439_HEIC_enhanced_blueberry_001,IMG_1439_HEIC_enhanced,3051.320801,1555.134033,420,bueno,ninguno,
IMG_1439_HEIC_enhanced_blueberry_002,IMG_1439_HEIC_enhanced,495.9107666,1785.175781,392,bueno,ninguno,
IMG_1439_HEIC_enhanced_blueberry_003,IMG_1439_HEIC_enhanced,1704.602905,1694.020386,359,malo,cicatriz,Marca o raspadura clara sobre la piel
IMG_1440_HEIC_enhanced_blueberry_001,IMG_1440_HEIC_enhanced,3137.853027,1593.877686,409,malo,cicatriz,Marca o raspadura clara sobre la piel
IMG_1440_HEIC_enhanced_blueberry_002,IMG_1440_HEIC_enhanced,900.8564453,1765.866211,390,bueno,ninguno,
IMG_1440_HEIC_enhanced_blueberry_003,IMG_1440_HEIC_enhanced,1987.189819,1653.001099,410,malo,cicatriz,Marca o raspadura clara sobre la piel
IMG_1441_HEIC_enhanced_blueberry_001,IMG_1441_HEIC_enhanced,2073.446289,1577.106567,416,malo,cicatriz,Marca o raspadura clara sobre la piel
IMG_1441_HEIC_enhanced_blueberry_002,IMG_1441_HEIC_enhanced,1069.872803,1703.283447,385,malo,golpe,"Zona hundida o aplastada, a veces más oscura"
IMG_1441_HEIC_enhanced_blueberry_003,IMG_1441_HEIC_enhanced,3350.764893,1624.088623,452,bueno,ninguno,
IMG_1442_HEIC_enhanced_blueberry_001,IMG_1442_HEIC_enhanced,3265.5,1305,53,bueno,ninguno,
IMG_1442_HEIC_enhanced_blueberry_002,IMG_1442_HEIC_enhanced,1926.822998,1482.055664,383,bueno,ninguno,
IMG_1442_HEIC_enhanced_blueberry_003,IMG_1442_HEIC_enhanced,2989.464844,1569.705322,433,malo,cicatriz,Marca o raspadura clara sobre la piel
IMG_1442_HEIC_enhanced_blueberry_004,IMG_1442_HEIC_enhanced,782.5,1649.5,410,bueno,ninguno,
IMG_1443_HEIC_enhanced_blueberry_001,IMG_1443_HEIC_enhanced,878.3745728,1533.518311,373,bueno,ninguno,
IMG_1443_HEIC_enhanced_blueberry_002,IMG_1443_HEIC_enhanced,1935.392334,1445.446899,368,bueno,ninguno,
IMG_1443_HEIC_enhanced_blueberry_003,IMG_1443_HEIC_enhanced,2998.55249,1443.715576,402,bueno,ninguno,
IMG_1444_HEIC_enhanced_blueberry_001,IMG_1444_HEIC_enhanced,2148.569092,1399.293945,389,malo,coloracion_anormal,Zonas rojizas o moradas en la piel
IMG_1444_HEIC_enhanced_blueberry_002,IMG_1444_HEIC_enhanced,1104.102661,1425.586792,313,malo,deshidratado,Piel arrugada
IMG_1444_HEIC_enhanced_blueberry_003,IMG_1444_HEIC_enhanced,3441.344971,1560.220703,362,malo,golpe,"Zona hundida o aplastada, a veces más oscura"
IMG_1445_HEIC_enhanced_blueberry_001,IMG_1445_HEIC_enhanced,1140.440186,1311.918335,294,bueno ,ninguno,
IMG_1445_HEIC_enhanced_blueberry_002,IMG_1445_HEIC_enhanced,2095.564453,1364.104858,331,malo,flor_seca,Restos secos de la flor pegados al fruto
IMG_1445_HEIC_enhanced_blueberry_003,IMG_1445_HEIC_enhanced,3128.614258,1431.58313,323,bueno,ninguno,
IMG_1446_HEIC_enhanced_blueberry_001,IMG_1446_HEIC_enhanced,1118.000244,1391.361572,308,bueno,ninguno,
IMG_1446_HEIC_enhanced_blueberry_002,IMG_1446_HEIC_enhanced,1972.787231,1430.115356,365,,,
IMG_1446_HEIC_enhanced_blueberry_003,IMG_1446_HEIC_enhanced,3098.992188,1401.33252,324,malo,golpe,"Zona hundida o aplastada, a veces más oscura"
IMG_1447_HEIC_enhanced_blueberry_001,IMG_1447_HEIC_enhanced,962.3565674,1613.276611,309,bueno,ninguno,
IMG_1447_HEIC_enhanced_blueberry_002,IMG_1447_HEIC_enhanced,2059.059326,1680.754028,372,bueno,ninguno,
IMG_1447_HEIC_enhanced_blueberry_003,IMG_1447_HEIC_enhanced,3297.13916,1660.754761,407,malo,cicatriz,Marca o raspadura clara sobre la piel
IMG_1448_HEIC_enhanced_blueberry_001,IMG_1448_HEIC_enhanced,1067.382446,1522.636597,308,bueno,ninguno,
IMG_1448_HEIC_enhanced_blueberry_002,IMG_1448_HEIC_enhanced,2215.532471,1453.791138,334,malo,cicatriz,Marca o raspadura clara sobre la piel
IMG_1448_HEIC_enhanced_blueberry_003,IMG_1448_HEIC_enhanced,3284,1517,394,bueno,ninguno,
IMG_1449_HEIC_enhanced_blueberry_001,IMG_1449_HEIC_enhanced,3382.474609,1526.015869,383,bueno,ninguno,
IMG_1449_HEIC_enhanced_blueberry_002,IMG_1449_HEIC_enhanced,1187.073608,1619.79541,322,malo,cicatriz,Marca o raspadura clara sobre la piel
IMG_1449_HEIC_enhanced_blueberry_003,IMG_1449_HEIC_enhanced,2177.521729,1655.727051,379,malo,cicatriz,Marca o raspadura clara sobre la piel
IMG_1450_HEIC_enhanced_blueberry_001,IMG_1450_HEIC_enhanced,3268.552734,1357.812134,354,bueno,ninguno,
IMG_1450_HEIC_enhanced_blueberry_002,IMG_1450_HEIC_enhanced,1360.5,1547.5,64,,,
IMG_1450_HEIC_enhanced_blueberry_003,IMG_1450_HEIC_enhanced,2208.623779,1590.959351,360,malo,cicatriz,Marca o raspadura clara sobre la piel
IMG_1450_HEIC_enhanced_blueberry_004,IMG_1450_HEIC_enhanced,1143.427124,1726.641724,324,malo,cicatriz,Marca o raspadura clara sobre la piel
IMG_1451_HEIC_enhanced_blueberry_001,IMG_1451_HEIC_enhanced,3021.517578,1591.633301,300,bueno,ninguno,
IMG_1451_HEIC_enhanced_blueberry_002,IMG_1451_HEIC_enhanced,919.3830566,1610.689331,376,bueno,ninguno,
IMG_1451_HEIC_enhanced_blueberry_003,IMG_1451_HEIC_enhanced,2032.676636,1763.551392,407,malo,cicatriz,Marca o raspadura clara sobre la piel
IMG_1452_HEIC_enhanced_blueberry_001,IMG_1452_HEIC_enhanced,2104,1266.5,53,malo,cicatriz,Marca o raspadura clara sobre la piel
IMG_1452_HEIC_enhanced_blueberry_002,IMG_1452_HEIC_enhanced,1877.437744,1509.043579,363,malo,cicatriz,Marca o raspadura clara sobre la piel
IMG_1452_HEIC_enhanced_blueberry_003,IMG_1452_HEIC_enhanced,886,1651.5,388,bueno,ninguno,
IMG_1452_HEIC_enhanced_blueberry_004,IMG_1452_HEIC_enhanced,3134.976074,1658.22583,311,malo,deshidratado,Piel arrugada
IMG_1453_HEIC_enhanced_blueberry_001,IMG_1453_HEIC_enhanced,1018.305176,1386.021973,333,bueno,ninguno,
IMG_1453_HEIC_enhanced_blueberry_002,IMG_1453_HEIC_enhanced,2016.951172,1395.503906,345,bueno,ninguno,
IMG_1453_HEIC_enhanced_blueberry_003,IMG_1453_HEIC_enhanced,3017.708252,1431.559326,281,malo,cicatriz,Marca o raspadura clara sobre la piel
IMG_1454_HEIC_enhanced_blueberry_001,IMG_1454_HEIC_enhanced,946.5,1475.5,356,bueno,ninguno,
IMG_1454_HEIC_enhanced_blueberry_002,IMG_1454_HEIC_enhanced,2087.064209,1464.841797,354,bueno,ninguno,
IMG_1454_HEIC_enhanced_blueberry_003,IMG_1454_HEIC_enhanced,3237.053955,1479.714355,290,bueno,ninguno,
IMG_1455_HEIC_enhanced_blueberry_001,IMG_1455_HEIC_enhanced,1216.506104,1561.516479,328,bueno,ninguno,
IMG_1455_HEIC_enhanced_blueberry_002,IMG_1455_HEIC_enhanced,2060.500732,1700.271606,306,malo,deshidratado,Piel arrugada
IMG_1455_HEIC_enhanced_blueberry_003,IMG_1455_HEIC_enhanced,3092.960938,1723.925537,366,bueno,ninguno,
IMG_1456_HEIC_enhanced_blueberry_001,IMG_1456_HEIC_enhanced,3396.5,1298,314,malo,cicatriz,Marca o raspadura clara sobre la piel
IMG_1456_HEIC_enhanced_blueberry_002,IMG_1456_HEIC_enhanced,1058.44458,1500.32605,340,bueno,ninguno,
IMG_1456_HEIC_enhanced_blueberry_003,IMG_1456_HEIC_enhanced,2147.662598,1550.351074,282,malo,coloracion_anormal,Zonas rojizas o moradas en la piel
IMG_1457_HEIC_enhanced_blueberry_001,IMG_1457_HEIC_enhanced,1195.712769,1527.439453,327,malo,cicatriz,Marca o raspadura clara sobre la piel
IMG_1457_HEIC_enhanced_blueberry_002,IMG_1457_HEIC_enhanced,2103.071045,1574.178955,293,malo,cicatriz,Marca o raspadura clara sobre la piel
IMG_1457_HEIC_enhanced_blueberry_003,IMG_1457_HEIC_enhanced,3210.714844,1637.420898,358,bueno,ninguno,
IMG_1458_HEIC_enhanced_blueberry_001,IMG_1458_HEIC_enhanced,1141,1918,410,bueno,ninguno,
IMG_1458_HEIC_enhanced_blueberry_002,IMG_1458_HEIC_enhanced,2216.314453,1890.415527,380,bueno,ninguno,
IMG_1458_HEIC_enhanced_blueberry_003,IMG_1458_HEIC_enhanced,3400.825439,1940.39978,456,bueno,ninguno,
IMG_1459_HEIC_enhanced_blueberry_001,IMG_1459_HEIC_enhanced,875.3972778,1955.696533,403,bueno,ninguno,
IMG_1459_HEIC_enhanced_blueberry_002,IMG_1459_HEIC_enhanced,1910.288208,1896.374878,378,bueno,ninguno,
IMG_1459_HEIC_enhanced_blueberry_003,IMG_1459_HEIC_enhanced,3194.003418,1930.49292,428,bueno,ninguno,
IMG_1460_HEIC_enhanced_blueberry_001,IMG_1460_HEIC_enhanced,912,1920.5,414,bueno,ninguno,
IMG_1460_HEIC_enhanced_blueberry_002,IMG_1460_HEIC_enhanced,2087.501953,1981.322632,398,malo,descompuesto,"Zonas blandas, húmedas, con moho o muy oscuras"
IMG_1460_HEIC_enhanced_blueberry_003,IMG_1460_HEIC_enhanced,3323,2056.5,457,bueno,ninguno,
IMG_1461_HEIC_enhanced_blueberry_001,IMG_1461_HEIC_enhanced,2823,1544,76,,,
IMG_1461_HEIC_enhanced_blueberry_002,IMG_1461_HEIC_enhanced,1821.998535,1893.353394,472,bueno,ninguno,
IMG_1461_HEIC_enhanced_blueberry_003,IMG_1461_HEIC_enhanced,3154.942139,1918.577759,508,bueno,ninguno,
IMG_1461_HEIC_enhanced_blueberry_004,IMG_1461_HEIC_enhanced,692.585144,2126.81665,402,bueno,ninguno,
IMG_1462_HEIC_enhanced_blueberry_001,IMG_1462_HEIC_enhanced,3287,1467.5,106,,,
IMG_1462_HEIC_enhanced_blueberry_002,IMG_1462_HEIC_enhanced,3084.530273,1732.339966,474,bueno,ninguno,
IMG_1462_HEIC_enhanced_blueberry_003,IMG_1462_HEIC_enhanced,1776.720459,1864.575806,471,bueno,ninguno,
IMG_1462_HEIC_enhanced_blueberry_004,IMG_1462_HEIC_enhanced,700.3624878,2048.625977,379,bueno,ninguno,
IMG_1463_HEIC_enhanced_blueberry_001,IMG_1463_HEIC_enhanced,3506.5,1603,111,,,
IMG_1463_HEIC_enhanced_blueberry_002,IMG_1463_HEIC_enhanced,1867.633789,1949.960693,491,bueno,ninguno,
IMG_1463_HEIC_enhanced_blueberry_003,IMG_1463_HEIC_enhanced,789.5,2055,393,malo,cicatriz,Marca o raspadura clara sobre la piel
IMG_1463_HEIC_enhanced_blueberry_004,IMG_1463_HEIC_enhanced,3273.268066,2036.889648,565,bueno,ninguno,
IMG_1464_HEIC_enhanced_blueberry_001,IMG_1464_HEIC_enhanced,2109,1574.5,141,,,
IMG_1464_HEIC_enhanced_blueberry_002,IMG_1464_HEIC_enhanced,877.7614136,1954.200806,367,malo,cicatriz,Marca o raspadura clara sobre la piel
IMG_1464_HEIC_enhanced_blueberry_003,IMG_1464_HEIC_enhanced,1915.24231,1907.772705,475,bueno,ninguno,
IMG_1464_HEIC_enhanced_blueberry_004,IMG_1464_HEIC_enhanced,3254.601807,1951.568359,538,bueno,ninguno,
IMG_1465_HEIC_enhanced_blueberry_001,IMG_1465_HEIC_enhanced,818.5610962,1685.77832,420,malo,cicatriz,Marca o raspadura clara sobre la piel
IMG_1465_HEIC_enhanced_blueberry_002,IMG_1465_HEIC_enhanced,2779,1636.5,51,malo,descompuesto,"Zonas blandas, húmedas, con moho o muy oscuras"
IMG_1465_HEIC_enhanced_blueberry_003,IMG_1465_HEIC_enhanced,1992.658691,1878.615967,406,malo,descompuesto,"Zonas blandas, húmedas, con moho o muy oscuras"
IMG_1465_HEIC_enhanced_blueberry_004,IMG_1465_HEIC_enhanced,3139.713135,1838.853882,433,bueno,ninguno,
IMG_1466_HEIC_enhanced_blueberry_001,IMG_1466_HEIC_enhanced,1107.845459,1637.778931,87,,,
IMG_1466_HEIC_enhanced_blueberry_002,IMG_1466_HEIC_enhanced,2971.099854,1699.521118,397,bueno,ninguno,
IMG_1466_HEIC_enhanced_blueberry_003,IMG_1466_HEIC_enhanced,764.9866333,1864.641602,430,malo,cicatriz,Marca o raspadura clara sobre la piel
IMG_1466_HEIC_enhanced_blueberry_004,IMG_1466_HEIC_enhanced,1894.857422,1830.825928,395,malo,golpe,"Zona hundida o aplastada, a veces más oscura"
IMG_1467_HEIC_enhanced_blueberry_001,IMG_1467_HEIC_enhanced,1971.747925,1676.296631,347,malo,flor_seca,Restos secos de la flor pegados al fruto
IMG_1467_HEIC_enhanced_blueberry_002,IMG_1467_HEIC_enhanced,3133.503174,1740.912964,414,bueno,ninguno,
IMG_1467_HEIC_enhanced_blueberry_003,IMG_1467_HEIC_enhanced,771,1834.5,450,malo,cicatriz,Marca o raspadura clara sobre la piel
IMG_1468_HEIC_enhanced_blueberry_001,IMG_1468_HEIC_enhanced,814.5,1686,420,bueno,ninguno,
IMG_1468_HEIC_enhanced_blueberry_002,IMG_1468_HEIC_enhanced,1876.771729,1653.684814,350,bueno,ninguno,
IMG_1468_HEIC_enhanced_blueberry_003,IMG_1468_HEIC_enhanced,2967.806152,1624.27771,392,bueno,ninguno,
IMG_1469_HEIC_enhanced_blueberry_001,IMG_1469_HEIC_enhanced,2125.821045,1175.599976,297,bueno,ninguno,
IMG_1469_HEIC_enhanced_blueberry_002,IMG_1469_HEIC_enhanced,3147.747314,1151.441772,376,bueno,ninguno,
IMG_1469_HEIC_enhanced_blueberry_003,IMG_1469_HEIC_enhanced,1007.039551,1260.046631,437,malo,flor_seca,Restos secos de la flor pegados al fruto
IMG_1470_HEIC_enhanced_blueberry_001,IMG_1470_HEIC_enhanced,1057.152832,1169.526733,408,bueno,ninguno,
IMG_1470_HEIC_enhanced_blueberry_002,IMG_1470_HEIC_enhanced,2028.453247,1141.514404,303,malo,coloracion_anormal,Zonas rojizas o moradas en la piel
IMG_1470_HEIC_enhanced_blueberry_003,IMG_1470_HEIC_enhanced,3383.5,1171,396,bueno,ninguno,
IMG_1471_HEIC_enhanced_blueberry_001,IMG_1471_HEIC_enhanced,2154.410889,1197.994141,250,malo,deshidratado,Piel arrugada
IMG_1471_HEIC_enhanced_blueberry_002,IMG_1471_HEIC_enhanced,1366.369751,1204.89502,327,bueno,ninguno,
IMG_1471_HEIC_enhanced_blueberry_003,IMG_1471_HEIC_enhanced,3274.959229,1228.705322,324,bueno,ninguno,
IMG_1472_HEIC_enhanced_blueberry_001,IMG_1472_HEIC_enhanced,3093.324219,1377.498047,285,bueno,ninguno,
IMG_1472_HEIC_enhanced_blueberry_002,IMG_1472_HEIC_enhanced,1280.498657,1454.959717,316,malo,flor_seca,Restos secos de la flor pegados al fruto
IMG_1472_HEIC_enhanced_blueberry_003,IMG_1472_HEIC_enhanced,2123.302002,1421.796387,224,malo,deshidratado,Piel arrugada
IMG_1473_HEIC_enhanced_blueberry_001,IMG_1473_HEIC_enhanced,2252.905762,1397.994141,228,malo,golpe,"Zona hundida o aplastada, a veces más oscura"
IMG_1473_HEIC_enhanced_blueberry_002,IMG_1473_HEIC_enhanced,3101.323486,1387.639526,293,bueno,ninguno,
IMG_1473_HEIC_enhanced_blueberry_003,IMG_1473_HEIC_enhanced,1135.5,1428.5,330,bueno,ninguno,
IMG_1474_HEIC_enhanced_blueberry_001,IMG_1474_HEIC_enhanced,1016.438599,1555.612793,331,bueno,ninguno,
IMG_1474_HEIC_enhanced_blueberry_002,IMG_1474_HEIC_enhanced,2012.068604,1523.448242,343,bueno,ninguno,
IMG_1474_HEIC_enhanced_blueberry_003,IMG_1474_HEIC_enhanced,3282.599365,1473.840088,343,malo,cicatriz,Marca o raspadura clara sobre la piel
IMG_1475_HEIC_enhanced_blueberry_001,IMG_1475_HEIC_enhanced,1018.322998,1491.859741,313,bueno,ninguno,
IMG_1475_HEIC_enhanced_blueberry_002,IMG_1475_HEIC_enhanced,2109.5,1518,348,bueno,ninguno,
IMG_1475_HEIC_enhanced_blueberry_003,IMG_1475_HEIC_enhanced,3356.036865,1428.643799,345,bueno,ninguno,
IMG_1476_HEIC_enhanced_blueberry_001,IMG_1476_HEIC_enhanced,982.9365234,1487.978882,320,bueno,ninguno,
IMG_1476_HEIC_enhanced_blueberry_002,IMG_1476_HEIC_enhanced,2125.268555,1428.40625,336,bueno,ninguno,
IMG_1476_HEIC_enhanced_blueberry_003,IMG_1476_HEIC_enhanced,3291,1442,350,bueno,ninguno,
IMG_1477_HEIC_enhanced_blueberry_001,IMG_1477_HEIC_enhanced,1890.54541,1517.18396,318,malo,flor_seca,Restos secos de la flor pegados al fruto
IMG_1477_HEIC_enhanced_blueberry_002,IMG_1477_HEIC_enhanced,3097.227539,1538.344849,272,malo,coloracion_anormal,Zonas rojizas o moradas en la piel
IMG_1477_HEIC_enhanced_blueberry_003,IMG_1477_HEIC_enhanced,856,1654,311,malo,descompuesto,"Zonas blandas, húmedas, con moho o muy oscuras"
IMG_1478_HEIC_enhanced_blueberry_001,IMG_1478_HEIC_enhanced,3068.629883,1531.561157,273,malo,cicatriz,Marca o raspadura clara sobre la piel
IMG_1478_HEIC_enhanced_blueberry_002,IMG_1478_HEIC_enhanced,898.2275391,1624.293091,275,malo,cicatriz,Marca o raspadura clara sobre la piel
IMG_1478_HEIC_enhanced_blueberry_003,IMG_1478_HEIC_enhanced,1702.456665,1604.925171,319,malo,flor_seca,Restos secos de la flor pegados al fruto
IMG_1479_HEIC_enhanced_blueberry_001,IMG_1479_HEIC_enhanced,1307.5,1549.5,272,bueno,ninguno,
IMG_1479_HEIC_enhanced_blueberry_002,IMG_1479_HEIC_enhanced,2019.391724,1751.512573,359,malo,flor_seca,Restos secos de la flor pegados al fruto
IMG_1479_HEIC_enhanced_blueberry_003,IMG_1479_HEIC_enhanced,3447.7771,1710.028809,310,malo,inmaduro,Verde o rojo claro
IMG_1480_HEIC_enhanced_blueberry_001,IMG_1480_HEIC_enhanced,1545.5,1502,55,bueno,ninguno,
IMG_1480_HEIC_enhanced_blueberry_002,IMG_1480_HEIC_enhanced,2868.146729,1577.733154,347,bueno,ninguno,
IMG_1480_HEIC_enhanced_blueberry_003,IMG_1480_HEIC_enhanced,826.222168,1658.035889,379,malo,coloracion_anormal,Zonas rojizas o moradas en la piel
IMG_1480_HEIC_enhanced_blueberry_004,IMG_1480_HEIC_enhanced,1800.3125,1706.063843,359,bueno,ninguno,
IMG_1481_HEIC_enhanced_blueberry_001,IMG_1481_HEIC_enhanced,1178.413452,1282.546753,306,malo,coloracion_anormal,Zonas rojizas o moradas en la piel
IMG_1481_HEIC_enhanced_blueberry_002,IMG_1481_HEIC_enhanced,2039.990112,1276.093994,293,bueno,ninguno,
IMG_1481_HEIC_enhanced_blueberry_003,IMG_1481_HEIC_enhanced,3032.442627,1277.574219,309,malo,coloracion_anormal,Zonas rojizas o moradas en la piel
IMG_1482_HEIC_enhanced_blueberry_001,IMG_1482_HEIC_enhanced,1248.767212,1233.191406,301,bueno,ninguno,
IMG_1482_HEIC_enhanced_blueberry_002,IMG_1482_HEIC_enhanced,2044.290527,1237.048096,308,bueno,ninguno,
IMG_1482_HEIC_enhanced_blueberry_003,IMG_1482_HEIC_enhanced,2988.828369,1201.217285,301,bueno,ninguno,
IMG_1483_HEIC_enhanced_blueberry_001,IMG_1483_HEIC_enhanced,2092.908447,1298.302368,326,malo,cicatriz,Marca o raspadura clara sobre la piel
IMG_1483_HEIC_enhanced_blueberry_002,IMG_1483_HEIC_enhanced,3318.518799,1344.712158,345,malo,deshidratado,Piel arrugada
IMG_1483_HEIC_enhanced_blueberry_003,IMG_1483_HEIC_enhanced,996.2889404,1410.148438,338,bueno,ninguno,
IMG_1484_HEIC_enhanced_blueberry_001,IMG_1484_HEIC_enhanced,2960.094727,1195.581177,312,bueno,ninguno,
IMG_1484_HEIC_enhanced_blueberry_002,IMG_1484_HEIC_enhanced,1132.972656,1280.185425,318,bueno,ninguno,
IMG_1484_HEIC_enhanced_blueberry_003,IMG_1484_HEIC_enhanced,2115.528564,1266.936768,321,bueno,ninguno,
IMG_1485_HEIC_enhanced_blueberry_001,IMG_1485_HEIC_enhanced,1159,1791.5,323,malo,cicatriz,Marca o raspadura clara sobre la piel
IMG_1485_HEIC_enhanced_blueberry_002,IMG_1485_HEIC_enhanced,2092.100342,1793.675659,299,malo,cicatriz,Marca o raspadura clara sobre la piel
IMG_1485_HEIC_enhanced_blueberry_003,IMG_1485_HEIC_enhanced,3096.364502,1899.4823,368,bueno,ninguno,
IMG_1486_HEIC_enhanced_blueberry_001,IMG_1486_HEIC_enhanced,868.9586182,1878.102417,347,bueno,ninguno,
IMG_1486_HEIC_enhanced_blueberry_002,IMG_1486_HEIC_enhanced,1861.363037,1974.342163,330,malo,cicatriz,Marca o raspadura clara sobre la piel
IMG_1486_HEIC_enhanced_blueberry_003,IMG_1486_HEIC_enhanced,3186.042236,2062.325684,403,bueno,ninguno,
IMG_1487_HEIC_enhanced_blueberry_001,IMG_1487_HEIC_enhanced,667.8817749,1969.814087,366,bueno,ninguno,
IMG_1487_HEIC_enhanced_blueberry_002,IMG_1487_HEIC_enhanced,2996.84668,1898.820923,356,malo,deshidratado,Piel arrugada
IMG_1487_HEIC_enhanced_blueberry_003,IMG_1487_HEIC_enhanced,1807.470093,2029.337769,334,bueno,ninguno,
IMG_1488_HEIC_enhanced_blueberry_001,IMG_1488_HEIC_enhanced,2694.103027,1340.385498,266,bueno,ninguno,
IMG_1488_HEIC_enhanced_blueberry_002,IMG_1488_HEIC_enhanced,1135.104248,1450.723999,268,bueno,ninguno,
IMG_1488_HEIC_enhanced_blueberry_003,IMG_1488_HEIC_enhanced,1920.71106,1401.523682,249,bueno,ninguno,
IMG_1489_HEIC_enhanced_blueberry_001,IMG_1489_HEIC_enhanced,1146.16394,1519.632202,320,bueno,ninguno,
IMG_1489_HEIC_enhanced_blueberry_002,IMG_1489_HEIC_enhanced,2360.914307,1515.890503,327,bueno,ninguno,
IMG_1489_HEIC_enhanced_blueberry_003,IMG_1489_HEIC_enhanced,3332.825684,1417.290894,308,bueno,ninguno,
IMG_1490_HEIC_enhanced_blueberry_001,IMG_1490_HEIC_enhanced,3084.60083,1139.96875,246,malo,golpe,"Zona hundida o aplastada, a veces más oscura"
IMG_1490_HEIC_enhanced_blueberry_002,IMG_1490_HEIC_enhanced,1185.123169,1250.774536,269,malo,golpe,"Zona hundida o aplastada, a veces más oscura"
IMG_1490_HEIC_enhanced_blueberry_003,IMG_1490_HEIC_enhanced,2287.574707,1233.22522,271,malo,golpe,"Zona hundida o aplastada, a veces más oscura"
IMG_1491_HEIC_enhanced_blueberry_001,IMG_1491_HEIC_enhanced,975.9053955,1548.655273,322,malo,deshidratado,Piel arrugada
IMG_1491_HEIC_enhanced_blueberry_002,IMG_1491_HEIC_enhanced,1942.50415,1554.14209,321,bueno,ninguno,
IMG_1491_HEIC_enhanced_blueberry_003,IMG_1491_HEIC_enhanced,2849.688232,1414.100708,279,malo,cicatriz,Marca o raspadura clara sobre la piel
IMG_1492_HEIC_enhanced_blueberry_001,IMG_1492_HEIC_enhanced,804.1704102,1525.047241,331,malo,cicatriz,Marca o raspadura clara sobre la piel
IMG_1492_HEIC_enhanced_blueberry_002,IMG_1492_HEIC_enhanced,1881.749268,1410.478027,294,bueno,ninguno,
IMG_1492_HEIC_enhanced_blueberry_003,IMG_1492_HEIC_enhanced,2925.830566,1488.518433,281,malo,deshidratado,Piel arrugada
IMG_1493_HEIC_enhanced_blueberry_001,IMG_1493_HEIC_enhanced,1132.285278,1534.485107,324,bueno,ninguno,
IMG_1493_HEIC_enhanced_blueberry_002,IMG_1493_HEIC_enhanced,1903.5,1453.5,110,,,
IMG_1493_HEIC_enhanced_blueberry_003,IMG_1493_HEIC_enhanced,2113.588379,1603.006958,342,bueno,ninguno,
IMG_1493_HEIC_enhanced_blueberry_004,IMG_1493_HEIC_enhanced,3354.139648,1689.21582,426,bueno,ninguno,
IMG_1494_HEIC_enhanced_blueberry_001,IMG_1494_HEIC_enhanced,1243.318481,1598.013062,329,bueno,ninguno,
IMG_1494_HEIC_enhanced_blueberry_002,IMG_1494_HEIC_enhanced,2023.588257,1443.107788,54,bueno,ninguno,
IMG_1494_HEIC_enhanced_blueberry_003,IMG_1494_HEIC_enhanced,3417.893799,1565.43335,395,bueno,ninguno,
IMG_1494_HEIC_enhanced_blueberry_004,IMG_1494_HEIC_enhanced,2251.383545,1620.005737,346,bueno,ninguno,
IMG_1495_HEIC_enhanced_blueberry_001,IMG_1495_HEIC_enhanced,891.0153809,1274.839722,270,malo,golpe,"Zona hundida o aplastada, a veces más oscura"
IMG_1495_HEIC_enhanced_blueberry_002,IMG_1495_HEIC_enhanced,1985.20105,1288.218994,270,bueno,ninguno,
IMG_1495_HEIC_enhanced_blueberry_003,IMG_1495_HEIC_enhanced,3142.188721,1289.042969,317,bueno,ninguno,
IMG_1496_HEIC_enhanced_blueberry_001,IMG_1496_HEIC_enhanced,665.3175659,1496.619141,317,bueno,ninguno,
IMG_1496_HEIC_enhanced_blueberry_002,IMG_1496_HEIC_enhanced,1743.256836,1489.341553,317,bueno,ninguno,
IMG_1496_HEIC_enhanced_blueberry_003,IMG_1496_HEIC_enhanced,2942.883057,1501.928223,367,bueno,ninguno,
IMG_1497_HEIC_enhanced_blueberry_001,IMG_1497_HEIC_enhanced,1178.000488,1189.398438,254,malo,cicatriz,Marca o raspadura clara sobre la piel
IMG_1497_HEIC_enhanced_blueberry_002,IMG_1497_HEIC_enhanced,2086.564941,1196.699829,255,bueno,ninguno,
IMG_1497_HEIC_enhanced_blueberry_003,IMG_1497_HEIC_enhanced,3139.22876,1224.309204,310,bueno,ninguno,
IMG_1498_HEIC_enhanced_blueberry_001,IMG_1498_HEIC_enhanced,3231,1077.5,76,,,
IMG_1498_HEIC_enhanced_blueberry_002,IMG_1498_HEIC_enhanced,940.7919922,1330.550659,279,malo,deshidratado,Piel arrugada
IMG_1498_HEIC_enhanced_blueberry_003,IMG_1498_HEIC_enhanced,1969,1268.5,270,bueno,ninguno,
IMG_1498_HEIC_enhanced_blueberry_004,IMG_1498_HEIC_enhanced,3030,1248,318,bueno,ninguno,
IMG_1499_HEIC_enhanced_blueberry_001,IMG_1499_HEIC_enhanced,834,1791,377,bueno,ninguno,
IMG_1499_HEIC_enhanced_blueberry_002,IMG_1499_HEIC_enhanced,3262.05957,1735.835327,365,bueno,ninguno,
IMG_1499_HEIC_enhanced_blueberry_003,IMG_1499_HEIC_enhanced,2168.664307,1923.737427,332,bueno,ninguno,
IMG_1500_HEIC_enhanced_blueberry_001,IMG_1500_HEIC_enhanced,907.1557617,1725.414917,342,bueno,ninguno,
IMG_1500_HEIC_enhanced_blueberry_002,IMG_1500_HEIC_enhanced,3396.216553,1824.431274,383,bueno,ninguno,
IMG_1500_HEIC_enhanced_blueberry_003,IMG_1500_HEIC_enhanced,2126.847412,2001.963257,343,bueno,ninguno,
IMG_1501_HEIC_enhanced_blueberry_001,IMG_1501_HEIC_enhanced,1127.648438,1631.672852,329,bueno,ninguno,
IMG_1501_HEIC_enhanced_blueberry_002,IMG_1501_HEIC_enhanced,2113.740479,1612.230225,295,malo,cicatriz,Marca o raspadura clara sobre la piel
IMG_1501_HEIC_enhanced_blueberry_003,IMG_1501_HEIC_enhanced,3305.547852,1613.655151,342,bueno,ninguno,
IMG_1502_HEIC_enhanced_blueberry_001,IMG_1502_HEIC_enhanced,1035.392456,1288.696289,276,bueno,ninguno,
IMG_1502_HEIC_enhanced_blueberry_002,IMG_1502_HEIC_enhanced,2104.489502,1228.191528,246,bueno,ninguno,
IMG_1502_HEIC_enhanced_blueberry_003,IMG_1502_HEIC_enhanced,3090.5,1356,303,bueno,ninguno,
IMG_1503_HEIC_enhanced_blueberry_001,IMG_1503_HEIC_enhanced,989.2126465,1530.807373,344,malo,flor_seca,Restos secos de la flor pegados al fruto
IMG_1503_HEIC_enhanced_blueberry_002,IMG_1503_HEIC_enhanced,1962.267212,1502.839966,292,bueno,ninguno,
IMG_1503_HEIC_enhanced_blueberry_003,IMG_1503_HEIC_enhanced,3114.97998,1597.932373,342,malo,cicatriz,Marca o raspadura clara sobre la piel
IMG_1504_HEIC_enhanced_blueberry_001,IMG_1504_HEIC_enhanced,1058.521484,1456.159546,265,malo,flor_seca,Restos secos de la flor pegados al fruto
IMG_1504_HEIC_enhanced_blueberry_002,IMG_1504_HEIC_enhanced,1957.925049,1475.404663,228,bueno,ninguno,
IMG_1504_HEIC_enhanced_blueberry_003,IMG_1504_HEIC_enhanced,2982.768799,1481.129883,248,bueno,ninguno,
IMG_1505_HEIC_enhanced_blueberry_001,IMG_1505_HEIC_enhanced,1186.550659,1314.003418,243,malo,deshidratado,Piel arrugada
IMG_1505_HEIC_enhanced_blueberry_002,IMG_1505_HEIC_enhanced,2172.77002,1319.904907,208,bueno,ninguno,
IMG_1505_HEIC_enhanced_blueberry_003,IMG_1505_HEIC_enhanced,3157,1392,247,bueno,ninguno,
IMG_1506_HEIC_enhanced_blueberry_001,IMG_1506_HEIC_enhanced,1088.188843,1195.571167,348,malo,golpe,"Zona hundida o aplastada, a veces más oscura"
IMG_1506_HEIC_enhanced_blueberry_002,IMG_1506_HEIC_enhanced,2282.016357,1340.718262,413,malo,golpe,"Zona hundida o aplastada, a veces más oscura"
IMG_1506_HEIC_enhanced_blueberry_003,IMG_1506_HEIC_enhanced,3210.237061,1331.91394,427,malo,cicatriz,Marca o raspadura clara sobre la piel
IMG_1507_HEIC_enhanced_blueberry_001,IMG_1507_HEIC_enhanced,1945.19873,918.5961914,347,malo,deshidratado,Piel arrugada
IMG_1507_HEIC_enhanced_blueberry_002,IMG_1507_HEIC_enhanced,1123.10083,1087.514526,322,malo,deshidratado,Piel arrugada
IMG_1507_HEIC_enhanced_blueberry_003,IMG_1507_HEIC_enhanced,3146.501221,1096.526489,418,malo,flor_seca,Restos secos de la flor pegados al fruto
IMG_1508_HEIC_enhanced_blueberry_001,IMG_1508_HEIC_enhanced,2844.842773,1131.534424,359,malo,flor_seca,Restos secos de la flor pegados al fruto
IMG_1508_HEIC_enhanced_blueberry_002,IMG_1508_HEIC_enhanced,944.6099243,1283.461426,298,bueno,ninguno,
IMG_1508_HEIC_enhanced_blueberry_003,IMG_1508_HEIC_enhanced,1855.509766,1247.188599,324,malo,coloracion_anormal,Zonas rojizas o moradas en la piel
IMG_1509_HEIC_enhanced_blueberry_001,IMG_1509_HEIC_enhanced,983.3515015,1163.771118,286,bueno,ninguno,
IMG_1509_HEIC_enhanced_blueberry_002,IMG_1509_HEIC_enhanced,1877.278198,1136.304565,314,malo,coloracion_anormal,Zonas rojizas o moradas en la piel
IMG_1509_HEIC_enhanced_blueberry_003,IMG_1509_HEIC_enhanced,2848.79248,1035.162476,348,malo,flor_seca,Restos secos de la flor pegados al fruto
IMG_1510_HEIC_enhanced_blueberry_001,IMG_1510_HEIC_enhanced,2037.956299,997.2959595,284,bueno,ninguno,
IMG_1510_HEIC_enhanced_blueberry_002,IMG_1510_HEIC_enhanced,3029.753906,999.1994629,338,malo,flor_seca,Restos secos de la flor pegados al fruto
IMG_1510_HEIC_enhanced_blueberry_003,IMG_1510_HEIC_enhanced,1010.858582,1206.62207,284,malo,deshidratado,"Zona hundida o aplastada, a veces más oscura"
IMG_1511_HEIC_enhanced_blueberry_001,IMG_1511_HEIC_enhanced,2254.879883,1146.761963,296,bueno,ninguno,
IMG_1511_HEIC_enhanced_blueberry_002,IMG_1511_HEIC_enhanced,3229.281494,1100.781738,364,malo,golpe,"Zona hundida o aplastada, a veces más oscura"
IMG_1511_HEIC_enhanced_blueberry_003,IMG_1511_HEIC_enhanced,990.4514771,1305.36792,357,bueno,ninguno,
IMG_1512_HEIC_enhanced_blueberry_001,IMG_1512_HEIC_enhanced,3351,1091.5,375,malo,cicatriz,Marca o raspadura clara sobre la piel
IMG_1512_HEIC_enhanced_blueberry_002,IMG_1512_HEIC_enhanced,1098.307007,1232.864624,342,bueno,ninguno,
IMG_1512_HEIC_enhanced_blueberry_003,IMG_1512_HEIC_enhanced,2205.071289,1235.050293,326,bueno,ninguno,
IMG_1513_HEIC_enhanced_blueberry_001,IMG_1513_HEIC_enhanced,2270.296143,1109.670654,311,malo,cicatriz,Marca o raspadura clara sobre la piel
IMG_1513_HEIC_enhanced_blueberry_002,IMG_1513_HEIC_enhanced,3325.381836,1090.350952,370,bueno,ninguno,
IMG_1513_HEIC_enhanced_blueberry_003,IMG_1513_HEIC_enhanced,756.1767578,1244.90625,363,malo,cicatriz,Marca o raspadura clara sobre la piel
IMG_1514_HEIC_enhanced_blueberry_001,IMG_1514_HEIC_enhanced,1079,1273,344,bueno,ninguno,
IMG_1514_HEIC_enhanced_blueberry_002,IMG_1514_HEIC_enhanced,2182.349365,1385.550049,347,bueno,ninguno,
IMG_1514_HEIC_enhanced_blueberry_003,IMG_1514_HEIC_enhanced,3294.237305,1360.556396,388,malo,flor_seca,Restos secos de la flor pegados al fruto
IMG_1514_HEIC_enhanced_blueberry_004,IMG_1514_HEIC_enhanced,1339.5,1418,57,,,
IMG_1515_HEIC_enhanced_blueberry_001,IMG_1515_HEIC_enhanced,961.3961182,1358.940186,356,bueno,ninguno,
IMG_1515_HEIC_enhanced_blueberry_002,IMG_1515_HEIC_enhanced,2259.506104,1311.716431,337,bueno,ninguno,
IMG_1515_HEIC_enhanced_blueberry_003,IMG_1515_HEIC_enhanced,3125.231689,1264.934082,375,malo,flor_seca,Restos secos de la flor pegados al fruto
IMG_1515_HEIC_enhanced_blueberry_004,IMG_1515_HEIC_enhanced,1217,1501.5,86,,,
IMG_1516_HEIC_enhanced_blueberry_001,IMG_1516_HEIC_enhanced,3359.235107,1064.182007,344,malo,golpe,"Zona hundida o aplastada, a veces más oscura"
IMG_1516_HEIC_enhanced_blueberry_002,IMG_1516_HEIC_enhanced,902.5,1286.5,375,bueno,ninguno,
IMG_1516_HEIC_enhanced_blueberry_003,IMG_1516_HEIC_enhanced,2312.504395,1209.914551,334,malo,cicatriz,Marca o raspadura clara sobre la piel
IMG_1517_HEIC_enhanced_blueberry_001,IMG_1517_HEIC_enhanced,2208.11084,1189.997314,334,bueno,ninguno,
IMG_1517_HEIC_enhanced_blueberry_002,IMG_1517_HEIC_enhanced,3314.263672,1053.272949,353,malo,deshidratado,Piel arrugada
IMG_1517_HEIC_enhanced_blueberry_003,IMG_1517_HEIC_enhanced,758.5,1431.5,391,bueno,ninguno,
IMG_1518_HEIC_enhanced_blueberry_001,IMG_1518_HEIC_enhanced,1141.318115,1150.848022,337,malo,cicatriz,Marca o raspadura clara sobre la piel
IMG_1518_HEIC_enhanced_blueberry_002,IMG_1518_HEIC_enhanced,2206.914063,1192.451294,335,bueno,ninguno,
IMG_1518_HEIC_enhanced_blueberry_003,IMG_1518_HEIC_enhanced,3316.020264,1053.716919,353,malo,deshidratado,Piel arrugada
IMG_1519_HEIC_enhanced_blueberry_001,IMG_1519_HEIC_enhanced,947.8492432,1128.80127,382,bueno,ninguno,
IMG_1519_HEIC_enhanced_blueberry_002,IMG_1519_HEIC_enhanced,3051.314209,1161.960815,309,bueno,ninguno,
IMG_1519_HEIC_enhanced_blueberry_003,IMG_1519_HEIC_enhanced,2015.436035,1214.848511,317,bueno,ninguno,
IMG_1520_HEIC_enhanced_blueberry_001,IMG_1520_HEIC_enhanced,1008.5,1219.5,398,bueno,ninguno,
IMG_1520_HEIC_enhanced_blueberry_002,IMG_1520_HEIC_enhanced,2092.172119,1271.208496,314,bueno,ninguno,
IMG_1520_HEIC_enhanced_blueberry_003,IMG_1520_HEIC_enhanced,3087.498291,1200.454956,321,bueno,ninguno,
IMG_1521_HEIC_enhanced_blueberry_001,IMG_1521_HEIC_enhanced,902.1668091,1122.724487,384,malo,flor_seca,Restos secos de la flor pegados al fruto
IMG_1521_HEIC_enhanced_blueberry_002,IMG_1521_HEIC_enhanced,3138.471924,1065.254639,304,malo,golpe,"Zona hundida o aplastada, a veces más oscura"
IMG_1521_HEIC_enhanced_blueberry_003,IMG_1521_HEIC_enhanced,1895.049927,1248.509155,321,malo,cicatriz,Marca o raspadura clara sobre la piel
IMG_1522_HEIC_enhanced_blueberry_001,IMG_1522_HEIC_enhanced,1128.050293,1390.000122,361,bueno,ninguno,
IMG_1522_HEIC_enhanced_blueberry_002,IMG_1522_HEIC_enhanced,2261.845215,1476.457764,402,bueno,ninguno,
IMG_1522_HEIC_enhanced_blueberry_003,IMG_1522_HEIC_enhanced,3263.545166,1624.530151,395,bueno,ninguno,
IMG_1523_HEIC_enhanced_blueberry_001,IMG_1523_HEIC_enhanced,884.1567993,1449.665894,371,bueno,ninguno,
IMG_1523_HEIC_enhanced_blueberry_002,IMG_1523_HEIC_enhanced,2078.394775,1549.461182,417,bueno,ninguno,
IMG_1523_HEIC_enhanced_blueberry_003,IMG_1523_HEIC_enhanced,3303.513916,1413.372192,363,malo,deshidratado,Piel arrugada
IMG_1524_HEIC_enhanced_blueberry_001,IMG_1524_HEIC_enhanced,2118.5,1132.5,63,malo,golpe,"Zona hundida o aplastada, a veces más oscura"
IMG_1524_HEIC_enhanced_blueberry_002,IMG_1524_HEIC_enhanced,1844.108887,1387.523193,390,malo,golpe,"Zona hundida o aplastada, a veces más oscura"
IMG_1524_HEIC_enhanced_blueberry_003,IMG_1524_HEIC_enhanced,936.067749,1429.921997,380,bueno,ninguno,
IMG_1524_HEIC_enhanced_blueberry_004,IMG_1524_HEIC_enhanced,3179.487305,1406.659912,371,bueno,ninguno,
IMG_1525_HEIC_enhanced_blueberry_001,IMG_1525_HEIC_enhanced,1048.23999,1296.467407,372,bueno,ninguno,
IMG_1525_HEIC_enhanced_blueberry_002,IMG_1525_HEIC_enhanced,2033.956909,1311.106323,281,bueno,ninguno,
IMG_1525_HEIC_enhanced_blueberry_003,IMG_1525_HEIC_enhanced,2986.5,1359.5,358,bueno,ninguno,
IMG_1526_HEIC_enhanced_blueberry_001,IMG_1526_HEIC_enhanced,971.8621216,1270.109009,370,bueno,ninguno,
IMG_1526_HEIC_enhanced_blueberry_002,IMG_1526_HEIC_enhanced,1955.715942,1268.960571,268,bueno,ninguno,
IMG_1526_HEIC_enhanced_blueberry_003,IMG_1526_HEIC_enhanced,3007.683105,1209.432007,330,bueno,ninguno,
IMG_1527_HEIC_enhanced_blueberry_001,IMG_1527_HEIC_enhanced,782.1065063,1325.44104,387,malo,cicatriz,Marca o raspadura clara sobre la piel
IMG_1527_HEIC_enhanced_blueberry_002,IMG_1527_HEIC_enhanced,1966.625244,1362.773926,281,bueno,ninguno,
IMG_1527_HEIC_enhanced_blueberry_003,IMG_1527_HEIC_enhanced,2987.885986,1351.019165,362,malo,cicatriz,Marca o raspadura clara sobre la piel
IMG_1528_HEIC_enhanced_blueberry_001,IMG_1528_HEIC_enhanced,984.2958374,1384.578857,428,malo,deshidratado,Piel arrugada
IMG_1528_HEIC_enhanced_blueberry_002,IMG_1528_HEIC_enhanced,2002.666626,1393.970947,379,bueno,ninguno,
IMG_1528_HEIC_enhanced_blueberry_003,IMG_1528_HEIC_enhanced,3076.188721,1312.553711,360,bueno,ninguno,
IMG_1529_HEIC_enhanced_blueberry_001,IMG_1529_HEIC_enhanced,975.7914429,1298.131958,403,bueno,ninguno,
IMG_1529_HEIC_enhanced_blueberry_002,IMG_1529_HEIC_enhanced,2002.314697,1350.383057,373,bueno,ninguno,
IMG_1529_HEIC_enhanced_blueberry_003,IMG_1529_HEIC_enhanced,3102.325439,1331.210693,366,bueno,ninguno,
IMG_1530_HEIC_enhanced_blueberry_001,IMG_1530_HEIC_enhanced,761.7619019,1398.267944,437,malo,deshidratado,Piel arrugada
IMG_1530_HEIC_enhanced_blueberry_002,IMG_1530_HEIC_enhanced,1827.639893,1297.998901,378,bueno,ninguno,
IMG_1530_HEIC_enhanced_blueberry_003,IMG_1530_HEIC_enhanced,3117.539795,1396.560547,365,bueno,ninguno,
